"COMPARATIVA DETALLADA - PROVEEDORES DE TRANSCRIPCIÃ“N",,,,,,,,
"",,,,,,,,
"=== TABLA COMPARATIVA: REPLICATE vs ASSEMBLYAI vs OPENAI ===",,,,,,,,
"CaracterÃ­stica","Replicate + Whisper","AssemblyAI","OpenAI Whisper","Deepgram","Ganador",,
"",,,,,,,,
"COSTES (100 transcripciones 30min)",,,,,,,,
"TranscripciÃ³n base","$0.046","$7.50","$18","$12.90","ğŸ¥‡ Replicate",,
"Con resumen","$2.45","$9.90","$20.40","$15.30","ğŸ¥‡ Replicate",,
"Con tags","N/A","$17.40","$20.40","$22.80","ğŸ¥‡ Replicate",,
"",,,,,,,,
"FIABILIDAD",,,,,,,,
"Uptime real","99.46%","99.9% SLA","99.9% SLA","99.95% SLA","ğŸ¥‡ Deepgram",,
"Downtime anual","47 horas","8.7 horas","8.7 horas","4.4 horas","ğŸ¥‡ Deepgram",,
"Soporte","Community","24/7 Enterprise","Email/Ticket","24/7 Enterprise","ğŸ¥‡ AssemblyAI/Deepgram",,
"SLA garantizado","âŒ No","âœ… SÃ­","âœ… SÃ­","âœ… SÃ­","âŒ Replicate pierde",,
"",,,,,,,,
"VELOCIDAD",,,,,,,,
"Latencia promedio","30-60 segundos","3-8 segundos","5-15 segundos","1-3 segundos","ğŸ¥‡ Deepgram",,
"Streaming real-time","âŒ No","âœ… SÃ­","âŒ No","âœ… SÃ­","ğŸ¥‡ AssemblyAI/Deepgram",,
"Procesamiento paralelo","âš ï¸ Limitado","âœ… Ilimitado","âœ… Ilimitado","âœ… Ilimitado","ğŸ¥‡ Todos menos Replicate",,
"",,,,,,,,
"FEATURES INCLUIDOS",,,,,,,,
"Speaker labels","âŒ No","âœ… Gratis","âŒ No","âœ… $0.01/min","ğŸ¥‡ AssemblyAI",,
"SRT/VTT","âš ï¸ Manual","âœ… Nativo","âš ï¸ Manual","âœ… Nativo","ğŸ¥‡ AssemblyAI/Deepgram",,
"Timestamps palabra","âœ… SÃ­","âœ… SÃ­","âœ… SÃ­","âœ… SÃ­","ğŸ† Empate",,
"Resumen IA","âŒ Claude aparte","âœ… $0.03/h","âŒ Claude aparte","âŒ Claude aparte","ğŸ¥‡ AssemblyAI",,
"Tags/Topics","âŒ No","âœ… $0.15/h","âŒ No","âŒ No","ğŸ¥‡ Solo AssemblyAI",,
"Entity detection","âŒ No","âœ… $0.08/h","âŒ No","âŒ No","ğŸ¥‡ Solo AssemblyAI",,
"Webhooks async","âš ï¸ BÃ¡sico","âœ… Profesional","âš ï¸ No","âœ… Profesional","ğŸ¥‡ AssemblyAI/Deepgram",,
"",,,,,,,,
"ARQUITECTURA",,,,,,,,
"Retry automÃ¡tico","âŒ No","âœ… SÃ­","âœ… SÃ­","âœ… SÃ­","âŒ Replicate pierde",,
"Circuit breaker","âŒ No","âœ… SÃ­","âœ… SÃ­","âœ… SÃ­","âŒ Replicate pierde",,
"Dashboard monitoring","âš ï¸ BÃ¡sico","âœ… Completo","âš ï¸ BÃ¡sico","âœ… Completo","ğŸ¥‡ AssemblyAI/Deepgram",,
"API rate limits","Generoso","Generoso","Estricto","Generoso","âŒ OpenAI pierde",,
"",,,,,,,,
"CALIDAD TRANSCRIPCIÃ“N",,,,,,,,
"Word Error Rate (WER)","9-12%","8-10%","9-11%","7-9%","ğŸ¥‡ Deepgram",,
"EspaÃ±ol soporte","âœ… Bueno","âœ… Excelente","âœ… Bueno","âœ… Excelente","ğŸ¥‡ AssemblyAI/Deepgram",,
"Ruido ambiente","âš ï¸ Regular","âœ… Excelente","âš ï¸ Regular","âœ… Excelente","ğŸ¥‡ AssemblyAI/Deepgram",,
"MÃºltiples speakers","âš ï¸ Confunde","âœ… 98% accuracy","âš ï¸ Confunde","âœ… 98% accuracy","ğŸ¥‡ AssemblyAI/Deepgram",,
"",,,,,,,,
"=== ESCENARIOS DE USO ===",,,,,,,,
"",,,,,,,,
"CASO 1: PROTOTIPO/DEMO",,,,,,,,
"Requisitos","Coste bajo, funciona","","","Ganador: ğŸ¥‡ Replicate",,
"Usuarios","<20 beta testers","","","Coste: $2.45/100 trans",,
"Fiabilidad","No crÃ­tica","","","",,
"RecomendaciÃ³n","Replicate es suficiente","","","",,
"",,,,,,,,
"CASO 2: PRODUCCIÃ“N STARTUP (100-500 usuarios)",,,,,,,,
"Requisitos","Balance coste/calidad","","","Ganador: ğŸ¥‡ AssemblyAI",,
"Usuarios","Pagando suscripciÃ³n","","","Coste: $10.40/100 trans",,
"Fiabilidad","CrÃ­tica (SLA necesario)","","","",,
"RecomendaciÃ³n","AssemblyAI Base + Key Phrases","","","",,
"",,,,,,,,
"CASO 3: PRODUCCIÃ“N ENTERPRISE (1000+ usuarios)",,,,,,,,
"Requisitos","MÃ¡xima fiabilidad","","","Ganador: ğŸ¥‡ Deepgram",,
"Usuarios","Contratos corporativos","","","Coste: $15.30/100 trans",,
"Fiabilidad","99.95% uptime","","","",,
"RecomendaciÃ³n","Deepgram + soporte dedicado","","","",,
"",,,,,,,,
"CASO 4: STREAMING/TIEMPO REAL",,,,,,,,
"Requisitos","Latencia <2 segundos","","","Ganador: ğŸ¥‡ Deepgram",,
"Usuarios","Llamadas en vivo","","","Coste: Variable",,
"Fiabilidad","CrÃ­tica","","","",,
"RecomendaciÃ³n","Deepgram streaming API","","","",,
"",,,,,,,,
"=== ANÃLISIS ESPECÃFICO PARA ANNALOGICA ===",,,,,,,,
"",,,,,,,,
"TU CASO DE USO:",,,,,,,,
"â€¢ TranscripciÃ³n audio/video pre-grabado (NO streaming)",,,,,,,,
"â€¢ Usuarios esperan calidad profesional",,,,,,,,
"â€¢ App va a producciÃ³n con usuarios pagando",,,,,,,,
"â€¢ Necesitas speaker labels (quiÃ©n habla)",,,,,,,,
"â€¢ Quieres resÃºmenes automÃ¡ticos",,,,,,,,
"â€¢ Nice-to-have: tags/categorÃ­as",,,,,,,,
"",,,,,,,,
"EVALUACIÃ“N:",,,,,,,,
"",,,,,,,,
"âŒ Replicate","Descartado - No apto producciÃ³n","NO tiene speaker labels
Latencia muy alta (30-60s)
Sin SLA ni garantÃ­as
Usuarios frustrados esperando",,,,
"",,,,,,,,
"âœ… AssemblyAI","RECOMENDADO para ti","Speaker labels GRATIS
Latencia buena (3-8s)
SLA 99.9% garantizado
Add-ons modulares
Coste razonable ($10-14/100 trans)",,,,
"",,,,,,,,
"âš ï¸ OpenAI","Demasiado caro","2x mÃ¡s caro que AssemblyAI
NO tiene speaker labels
TendrÃ­as que programar todo tÃº",,,,
"",,,,,,,,
"âš ï¸ Deepgram","Overkill para tu caso","Optimizado para streaming
MÃ¡s caro que AssemblyAI
Feature set similar
Solo si necesitas <1s latency",,,,
"",,,,,,,,
"=== MIGRACIÃ“N: REPLICATE â†’ ASSEMBLYAI ===",,,,,,,,
"",,,,,,,,
"CAMBIOS EN CÃ“DIGO:",,,,,,,,
"Archivo","Cambio","Dificultad","Tiempo",,
"app/api/process/route.ts","Reemplazar Replicate SDK por AssemblyAI","Media","1 hora",,
"lib/transcription.ts","Crear helper AssemblyAI async","Media","1 hora",,
"app/page.tsx","Agregar polling/websocket status","Baja","30 min",,
"package.json","npm install assemblyai","FÃ¡cil","1 min",,
".env.local","Agregar ASSEMBLYAI_API_KEY","FÃ¡cil","1 min",,
"",,,,,,,,
"ARQUITECTURA NUEVA (ASYNC):",,,,,,,,
"Componente","Proveedor","Coste","Incluido",,
"Queue Jobs","Inngest","$0","âœ… Free tier 200K eventos",,
"Transcription","AssemblyAI","$0.15/h","Base",,
"Speaker Labels","AssemblyAI","GRATIS","Incluido",,
"Key Phrases","AssemblyAI","$0.01/h","Add-on",,
"Resumen","Claude API","$0.024/resumen","Ya tienes",,
"Storage","Vercel Blob","$0.023/GB","Ya tienes",,
"Database","Neon Postgres","$0","Ya tienes",,
"",,,,,,,,
"TOTAL TIEMPO MIGRACIÃ“N: 4-5 horas",,,,,,,,
"",,,,,,,,
"=== PLAN DE IMPLEMENTACIÃ“N ===",,,,,,,,
"",,,,,,,,
"FASE 1: Setup BÃ¡sico (2h)",,,,,,,,
"1. Instalar SDK: npm install assemblyai inngest","15 min",,,,
"2. Configurar Inngest (queue system)","30 min",,,,
"3. Crear helper lib/assemblyai.ts","45 min",,,,
"4. Variables entorno ASSEMBLYAI_API_KEY","5 min",,,,
"",,,,,,,,
"FASE 2: Migrar API Process (2h)",,,,,,,,
"1. Reemplazar replicate.run() por AssemblyAI","30 min",,,,
"2. Implementar webhook/polling async","45 min",,,,
"3. Procesar speaker labels â†’ formato","30 min",,,,
"4. Testing completo","30 min",,,,
"",,,,,,,,
"FASE 3: Frontend Updates (1h)",,,,,,,,
"1. Agregar estado 'processing' con progreso","30 min",,,,
"2. Polling cada 5s para actualizar status","20 min",,,,
"3. Mostrar speakers (A, B, C) en UI","15 min",,,,
"",,,,,,,,
"FASE 4: Testing & Deploy (1h)",,,,,,,,
"1. Test con audio corto (2 min)","10 min",,,,
"2. Test con audio largo (30 min)","15 min",,,,
"3. Test con mÃºltiples speakers","15 min",,,,
"4. Deploy a Vercel production","10 min",,,,
"5. Monitoreo post-deploy","10 min",,,,
"",,,,,,,,
"=== RESUMEN EJECUTIVO ===",,,,,,,,
"",,,,,,,,
"DECISIÃ“N RECOMENDADA: âœ… MIGRAR A ASSEMBLYAI",,,,,,,,
"",,,,,,,,
"POR QUÃ‰:",,,,,,,,
"âœ… Speaker labels incluidos (crÃ­tico para ti)","Replicate NO tiene esto",,,,
"âœ… Latencia 6x mejor (3s vs 30s)","Mejor experiencia usuario",,,,
"âœ… SLA 99.9% garantizado","Replicate solo 99.46%",,,,
"âœ… Arquitectura asÃ­ncrona profesional","Sin timeouts Vercel",,,,
"âœ… Soporte 24/7","Si falla, hay ayuda",,,,
"",,,,,,,,
"COSTE REAL:",,,,,,,,
"ConfiguraciÃ³n: Base + Key Phrases + Claude","$10.40 por 100 transcripciones",,,,
"Diferencia vs Replicate: +$7.95","Solo $0.08 por transcripciÃ³n",,,,
"Para 100 usuarios beta: +$16/mes","Insignificante vs valor",,,,
"",,,,,,,,
"SI COBRAS $10/usuario/mes:","Revenue = $1000/mes",,,,
"Coste transcripciÃ³n AssemblyAI:","$10.40 (1% de revenue)",,,,
"Coste transcripciÃ³n Replicate:","$2.45 (0.2% de revenue)",,,,
"Diferencia real:","0.8% de tus ingresos",,,,
"",,,,,,,,
"CONCLUSIÃ“N: Vale la pena pagar 0.8% mÃ¡s por:",,,,,,,,
"â€¢ 6x menos latencia",,,,,,,,
"â€¢ SLA empresarial",,,,,,,,
"â€¢ Speaker labels gratis",,,,,,,,
"â€¢ Arquitectura profesional",,,,,,,,
"â€¢ Usuarios mÃ¡s felices = mÃ¡s conversiÃ³n",,,,,,,,
"",,,,,,,,
"=== RESPUESTA A TU PREGUNTA: Â¿SON CAROS LOS TAGS? ===",,,,,,,,
"",,,,,,,,
"SÃ, Topic Detection es CARO:","$7.50 por cada 100 transcripciones",,,,
"Es el 75% del coste base de transcripciÃ³n","($7.50 tags vs $7.50 transcripciÃ³n)",,,,
"",,,,,,,,
"SOLUCIÃ“N INTELIGENTE:",,,,,,,,
"1. NO activar Topic Detection por defecto","Ahorras $7.50/100 trans",,,,
"2. Usar Claude para generar tags del resumen","Ya incluido, $0 adicional",,,,
"3. Calidad tags Claude: 80-85% vs AssemblyAI","Suficiente para la mayorÃ­a",,,,
"",,,,,,,,
"Ejemplo prompt Claude (ya en tu cÃ³digo):","'Resume el audio e identifica 5 tags principales'",,,,
"Coste: $0 (usa el mismo request del resumen)","Ya lo tienes, solo modificar prompt",,,,
"",,,,,,,,
"OPCIONAL: Ofrecer Topic Detection como Premium:","Plan Pro +$2/mes con tags profesionales AssemblyAI",,,,